#{"t_start": 1745049255.0967221, "env_id": "MsPacmanNoFrameskip-v4"}
r,l,t
150.0,1601,2.699368
270.0,2273,5.266766
340.0,1777,7.02746
320.0,2081,9.09922
200.0,1561,10.664237
260.0,1977,12.627681
200.0,1961,14.583955
210.0,2145,16.678788
180.0,1737,18.397496
240.0,2409,20.829857
150.0,1649,22.464783
250.0,1993,24.42767
220.0,2137,26.533761
210.0,2177,28.691031
290.0,2201,30.843713
420.0,2681,33.488459
130.0,1705,35.16205
240.0,1833,36.959362
280.0,1977,38.892561
270.0,2081,40.943401
210.0,1857,42.793389
180.0,1801,44.625038
150.0,1633,46.28375
260.0,1793,48.042547
200.0,1529,49.539551
170.0,1793,51.292084
230.0,2025,54.841724
260.0,2385,59.107118
240.0,2153,62.992384
240.0,2089,66.741935
190.0,1857,70.070532
610.0,3081,75.650812
290.0,2345,79.934192
230.0,2121,83.790369
160.0,1561,86.689041
260.0,1793,89.906389
180.0,1657,92.888919
670.0,2913,98.368062
320.0,2225,102.462495
300.0,2193,106.433554
200.0,2209,110.570812
250.0,1865,114.026884
250.0,1721,117.126379
180.0,1737,120.231812
320.0,1777,123.531424
240.0,2041,127.252645
330.0,2321,131.563497
220.0,1753,134.80557
210.0,1873,138.316161
340.0,1977,142.101432
300.0,1817,145.445096
290.0,2177,149.505453
340.0,2017,153.344065
790.0,4049,160.830021
500.0,3081,166.558988
300.0,1985,170.244692
420.0,2593,175.207755
350.0,1897,178.791989
250.0,1969,182.448254
230.0,1913,186.090191
240.0,2169,190.261213
430.0,2353,194.771242
410.0,3113,200.830355
200.0,1913,204.522636
270.0,2105,208.52131
1190.0,2433,213.147845
760.0,3601,220.219775
300.0,2065,224.119418
400.0,2705,229.339663
350.0,1953,233.108114
300.0,1969,236.853624
370.0,2705,242.021468
420.0,2297,246.516062
230.0,1537,249.448381
370.0,2465,254.299538
340.0,2193,258.564941
320.0,1945,262.393555
190.0,1705,265.681273
1030.0,2497,270.445078
390.0,2929,276.1095
380.0,2481,280.932571
440.0,2281,285.426524
790.0,2905,291.093782
300.0,1873,294.808571
400.0,2057,298.824777
430.0,1985,302.693087
360.0,2049,306.74027
530.0,2385,311.423079
320.0,1921,315.272408
260.0,1657,318.422181
290.0,1761,321.888464
410.0,2033,325.971315
490.0,2393,330.954252
470.0,2401,336.005536
370.0,1833,339.806548
360.0,2049,344.151514
190.0,1633,347.590209
210.0,1481,350.662605
290.0,2169,355.217466
290.0,1705,358.891181
290.0,1721,362.551228
1110.0,2993,368.840804
440.0,1841,372.801317
820.0,3177,379.547414
460.0,2753,385.382449
340.0,2105,389.74749
370.0,1953,393.698662
370.0,1785,397.378597
340.0,1649,400.844556
550.0,2577,406.058013
490.0,2185,410.591554
720.0,2449,416.592627
480.0,2617,421.841687
470.0,1833,425.558005
360.0,2529,430.810253
410.0,2305,435.575512
400.0,2137,440.106346
570.0,2129,444.545929
510.0,2849,450.509287
480.0,2161,454.970863
510.0,2873,460.920094
1280.0,3969,469.146763
1010.0,2593,474.569623
550.0,2225,479.138191
450.0,2697,484.834936
290.0,1841,488.703081
650.0,2697,494.359654
350.0,1769,498.024251
410.0,1945,502.097982
380.0,2057,506.454566
1460.0,3681,514.24849
380.0,1617,517.582287
380.0,2033,521.860333
780.0,2665,527.427866
560.0,2409,532.455307
310.0,1497,535.560105
450.0,1945,539.698923
1320.0,3601,547.462015
930.0,3041,554.008268
600.0,2393,559.15698
670.0,2929,565.490098
610.0,2009,569.783492
1200.0,4329,579.190709
1070.0,2537,584.612745
240.0,1441,587.724754
350.0,1913,592.019052
1540.0,3585,600.02308
190.0,1425,603.24503
420.0,1721,607.235726
340.0,1969,611.76645
400.0,2281,617.132786
700.0,2257,622.635929
350.0,1945,627.468793
460.0,2393,633.030525
1140.0,2713,639.247851
910.0,3145,646.628725
970.0,2401,652.118604
560.0,2521,657.976802
350.0,1769,661.989774
280.0,1745,666.045151
380.0,1889,670.310506
620.0,3185,677.586778
650.0,3017,684.540483
550.0,2361,689.973111
540.0,2089,694.808987
890.0,3393,702.707304
900.0,2641,708.791034
350.0,1513,712.255275
320.0,1721,716.147108
1290.0,2929,722.768707
910.0,2697,728.910657
420.0,1593,732.500188
990.0,3089,739.493322
390.0,1641,743.191002
1050.0,2505,748.798714
430.0,1921,753.180773
360.0,2241,758.476945
1120.0,2417,764.113383
1140.0,3089,771.514762
830.0,2857,778.278259
660.0,3105,785.65627
430.0,1873,790.15983
450.0,1913,794.695219
850.0,2665,800.986095
320.0,1617,804.816087
350.0,2017,809.507374
580.0,2937,816.22413
250.0,1617,820.023994
430.0,1681,823.956375
290.0,1569,827.639414
730.0,2649,833.937924
1210.0,3153,841.35503
400.0,1585,845.092285
430.0,1985,849.793955
670.0,2489,855.71809
520.0,2465,861.827815
430.0,1833,866.38316
300.0,1281,869.499482
360.0,1529,873.083883
340.0,1857,877.628448
490.0,1929,882.266351
540.0,2649,888.547088
560.0,2753,895.119799
220.0,1441,898.544332
310.0,1577,902.244968
910.0,3249,909.910527
240.0,2065,914.64451
440.0,2049,919.229473
800.0,2529,924.985463
1050.0,3689,933.308148
1510.0,3521,941.357782
360.0,1497,944.77977
680.0,2265,949.982574
250.0,1761,954.023116
120.0,1249,956.888148
480.0,2833,963.404784
400.0,1889,967.853299
580.0,2537,973.852492
340.0,1937,978.439425
450.0,2137,983.539159
590.0,2481,989.49256
800.0,3185,997.083771
190.0,2049,1002.030333
570.0,2673,1008.474997
270.0,1609,1012.304559
280.0,1857,1016.749808
880.0,2473,1022.613928
600.0,2633,1028.811844
280.0,1721,1032.961481
320.0,1793,1037.263265
420.0,1657,1041.246207
500.0,1833,1045.646381
250.0,1313,1048.787012
360.0,2337,1054.418741
500.0,2177,1059.574111
2150.0,3009,1066.684605
440.0,1905,1071.351691
630.0,2817,1078.088904
430.0,1857,1082.43808
1490.0,4009,1092.020265
630.0,2313,1097.457778
480.0,1865,1102.040776
360.0,2145,1107.08758
1720.0,4857,1118.586757
1340.0,2961,1125.623772
1000.0,2785,1132.200693
280.0,1473,1135.697863
860.0,2497,1141.646926
660.0,2473,1147.412591
730.0,2961,1154.499887
350.0,1729,1158.573807
850.0,2841,1165.359662
730.0,2601,1171.627842
150.0,1449,1175.046242
240.0,1497,1178.525158
320.0,1585,1182.107914
900.0,3209,1189.4571
290.0,1873,1193.774955
530.0,2673,1199.822507
950.0,2617,1205.775573
600.0,3617,1214.270595
420.0,2081,1219.205411
520.0,1833,1223.608492
1530.0,3097,1230.978799
380.0,1897,1235.447953
520.0,2121,1240.483722
1230.0,3337,1248.532648
750.0,2761,1255.165607
650.0,2201,1260.447381
830.0,2705,1266.932657
1400.0,2697,1273.348294
270.0,1425,1276.664436
520.0,2241,1281.928264
100.0,1217,1284.83781
250.0,1497,1288.410657
200.0,1177,1291.162695
240.0,1953,1295.8777
340.0,2065,1300.801647
540.0,1993,1305.528293
640.0,2529,1313.003345
290.0,1433,1316.408733
810.0,3313,1324.307693
1080.0,3353,1332.257316
860.0,2353,1337.773515
810.0,2289,1343.242975
400.0,1841,1347.606672
580.0,2873,1354.520657
260.0,1425,1357.953423
580.0,1945,1362.649211
410.0,1865,1367.084972
590.0,2497,1372.901274
600.0,2433,1378.670113
580.0,2505,1384.643836
420.0,1825,1388.965867
400.0,2489,1394.907291
2950.0,4065,1404.515948
280.0,1913,1409.098789
1050.0,2233,1414.312522
450.0,2225,1419.58313
380.0,1529,1423.231155
810.0,3593,1431.792044
770.0,2921,1438.742704
530.0,1745,1442.8784
960.0,3065,1450.176273
780.0,3097,1457.54359
250.0,1313,1460.704128
690.0,2401,1466.406152
590.0,2009,1471.307925
170.0,1505,1474.888039
290.0,1457,1478.387625
670.0,2689,1484.453153
510.0,2137,1489.285745
780.0,2425,1494.884454
610.0,2265,1500.070472
870.0,2345,1505.354028
430.0,2561,1511.20595
300.0,1713,1515.014244
1270.0,2729,1521.158404
380.0,1881,1525.633978
810.0,2953,1532.565774
400.0,1561,1536.382555
460.0,3689,1545.17329
620.0,2273,1550.644567
1270.0,2849,1557.442953
570.0,2849,1564.241355
730.0,2761,1570.808676
630.0,2993,1578.024226
360.0,1457,1581.473969
510.0,2489,1587.442166
550.0,2129,1592.46257
310.0,1777,1596.81003
360.0,2129,1601.954304
340.0,1561,1605.653753
690.0,2105,1610.503201
410.0,1953,1614.93211
540.0,1897,1619.178621
400.0,2177,1624.05128
790.0,2305,1629.266219
280.0,1585,1632.850099
430.0,1825,1636.999878
520.0,2321,1642.23325
310.0,1641,1645.965125
480.0,2577,1651.905465
640.0,2577,1657.699325
330.0,1513,1661.17858
1090.0,2913,1667.868974
1140.0,4137,1677.310958
860.0,2977,1684.110071
490.0,1761,1688.083228
270.0,1729,1692.011358
690.0,2353,1697.243971
640.0,2297,1702.593434
720.0,2113,1707.672255
600.0,2641,1713.972956
230.0,1601,1717.841654
370.0,1833,1722.241342
270.0,1361,1725.487985
650.0,3441,1733.703822
380.0,1585,1737.501347
640.0,2217,1742.75271
410.0,1825,1747.023548
330.0,2513,1752.90885
430.0,1665,1756.783925
520.0,2657,1763.131521
440.0,2297,1768.550779
530.0,2161,1773.583765
310.0,1913,1778.059012
360.0,1569,1781.915541
2950.0,3905,1791.429199
420.0,1769,1795.600747
750.0,2465,1801.361266
1150.0,4481,1811.984873
420.0,1673,1815.909483
880.0,2193,1821.243637
670.0,2369,1827.157935
360.0,1945,1831.8345
340.0,1713,1835.89052
320.0,2193,1841.094809
710.0,2657,1847.474875
700.0,2649,1853.804431
710.0,3369,1861.805733
600.0,2033,1866.586133
490.0,2449,1872.368601
310.0,1753,1876.520023
420.0,2321,1882.19225
1010.0,2905,1889.173716
150.0,1569,1892.932806
410.0,1697,1897.055327
330.0,1697,1901.197905
570.0,2793,1907.926789
900.0,4425,1918.581866
670.0,3049,1925.907768
670.0,2625,1932.22721
850.0,2697,1938.493243
460.0,2049,1943.159626
1440.0,2897,1949.975564
380.0,1809,1954.312367
300.0,2009,1959.15853
1060.0,3377,1967.09134
190.0,1905,1971.60591
390.0,1817,1975.871298
350.0,1401,1979.206885
320.0,1801,1983.557559
530.0,2457,1989.369797
260.0,1345,1992.58612
430.0,1577,1996.300936
410.0,1529,1999.835081
510.0,2425,2005.630834
630.0,3089,2012.871462
390.0,1473,2016.434562
570.0,1737,2020.649173
330.0,1641,2024.557486
820.0,2497,2030.486044
600.0,2145,2035.563919
270.0,2033,2040.265263
290.0,2257,2045.417171
840.0,3081,2052.382951
700.0,2361,2057.809099
390.0,1769,2061.876227
380.0,1889,2066.142997
620.0,2697,2072.158718
370.0,1649,2075.874901
520.0,2537,2081.707512
230.0,2209,2086.740896
490.0,2081,2091.658596
230.0,1753,2095.778809
900.0,3097,2103.286962
240.0,1721,2107.340019
260.0,1721,2111.420206
1320.0,2817,2118.102728
410.0,1905,2122.693709
580.0,2681,2129.120442
450.0,2401,2134.683786
610.0,2481,2140.349667
800.0,2441,2145.847859
820.0,2745,2152.331557
380.0,2065,2157.180975
410.0,1801,2161.547015
330.0,1601,2165.564664
540.0,2705,2171.964489
1560.0,3625,2180.529477
390.0,2209,2185.934453
300.0,1369,2189.219306
390.0,2225,2194.56063
680.0,2529,2200.642081
310.0,1777,2204.791361
410.0,1729,2208.923553
350.0,1793,2213.19483
500.0,1921,2217.804951
780.0,2241,2223.172212
370.0,1553,2226.952641
500.0,2161,2232.12389
530.0,3073,2239.361536
330.0,1873,2243.835974
420.0,1593,2247.65161
420.0,2329,2253.368618
870.0,2921,2260.502951
170.0,1409,2263.850014
830.0,2977,2270.830974
360.0,1729,2274.901722
280.0,1953,2279.516962
710.0,2849,2286.365685
420.0,1753,2290.510746
310.0,1673,2294.431966
990.0,2969,2301.662068
1950.0,2689,2308.061292
560.0,2449,2313.910238
220.0,2073,2318.943022
860.0,2585,2325.088664
600.0,2665,2331.406621
490.0,1937,2336.007329
360.0,2225,2341.274849
510.0,2161,2346.458301
140.0,1569,2350.039424
880.0,3449,2357.922316
500.0,2137,2362.830433
320.0,1665,2366.770208
270.0,1433,2370.117849
810.0,2977,2377.237693
350.0,1881,2381.756685
380.0,1945,2386.383976
410.0,2065,2391.283721
310.0,1961,2395.982659
490.0,1993,2400.732261
1120.0,2257,2406.152637
570.0,2641,2412.522931
510.0,3073,2419.86527
680.0,2497,2425.630275
1100.0,2273,2430.928605
690.0,2865,2437.766818
400.0,1793,2442.046069
390.0,1849,2446.52616
1080.0,3489,2454.791624
240.0,1913,2459.391259
400.0,1961,2464.023912
430.0,1929,2468.640008
560.0,1985,2473.392043
700.0,2441,2479.295524
1040.0,2001,2484.087668
520.0,2537,2490.143891
1400.0,3673,2498.869137
410.0,2457,2504.70211
840.0,2849,2511.484144
540.0,2049,2516.328156
510.0,1881,2520.749689
490.0,1649,2524.668914
360.0,1825,2529.022974
590.0,2177,2534.248127
820.0,3161,2541.916221
480.0,2377,2547.993114
530.0,2137,2553.095555
1100.0,2545,2559.018867
420.0,2273,2564.394411
500.0,1841,2568.761826
610.0,2809,2575.425934
1180.0,3073,2582.697619
550.0,1905,2587.24729
1050.0,2561,2593.390586
500.0,2081,2598.407759
620.0,2209,2603.577149
400.0,2377,2609.215123
350.0,1825,2613.609623
640.0,2689,2620.098084
1070.0,3721,2629.122252
460.0,2129,2634.001029
250.0,1657,2637.785825
400.0,2129,2642.534681
1150.0,3393,2650.282349
1230.0,2513,2655.976955
530.0,1825,2660.09868
930.0,2505,2665.731717
180.0,1505,2669.078567
580.0,1977,2673.587025
430.0,2009,2678.111955
1140.0,2193,2683.127936
320.0,1569,2686.66073
800.0,2585,2692.585266
640.0,2769,2698.859032
550.0,1849,2703.025342
200.0,1313,2705.960876
650.0,2601,2711.893157
350.0,1873,2716.126063
1150.0,3233,2723.576394
730.0,2345,2729.141005
480.0,1889,2733.572732
1260.0,2897,2740.144027
570.0,2209,2745.23944
710.0,2553,2751.018956
820.0,2841,2757.401639
410.0,1929,2761.767804
810.0,3097,2768.700093
400.0,2057,2773.299906
3370.0,4017,2782.402932
1010.0,2993,2789.271344
470.0,2025,2793.862246
750.0,2449,2799.519293
690.0,2985,2806.292868
420.0,1865,2810.577222
360.0,1913,2814.882178
450.0,1737,2818.809937
620.0,2497,2824.499974
1290.0,2785,2830.891682
790.0,2113,2835.692823
840.0,3777,2844.172351
720.0,2577,2850.062563
450.0,2417,2855.471807
500.0,1921,2859.803252
650.0,2449,2865.305779
350.0,1785,2869.32229
640.0,2913,2875.985775
1220.0,2385,2881.348723
320.0,1617,2884.929815
330.0,1521,2888.334205
600.0,2393,2893.80231
280.0,1537,2897.266578
790.0,2393,2902.735563
560.0,2041,2907.316741
390.0,1753,2911.20596
580.0,2809,2917.581666
750.0,2817,2923.967704
840.0,3105,2930.996518
540.0,2089,2935.692144
1520.0,3209,2943.028254
330.0,1777,2947.058705
1280.0,2833,2953.427166
1790.0,3073,2960.477099
1340.0,3185,2967.891756
740.0,3329,2975.494337
470.0,1833,2979.618409
550.0,2729,2985.805938
300.0,1889,2990.02141
480.0,1873,2994.237594
650.0,2745,3000.452863
400.0,1945,3004.840212
460.0,2313,3010.003715
560.0,3345,3017.624081
350.0,2185,3022.694685
500.0,1849,3026.932435
720.0,2225,3031.948359
620.0,2961,3038.765973
700.0,2433,3044.315788
480.0,1993,3048.781898
930.0,3361,3056.445455
820.0,2705,3062.613361
480.0,1825,3066.910732
750.0,2521,3072.927961
500.0,2481,3078.928036
1090.0,3985,3088.374509
1180.0,3289,3096.175843
750.0,2609,3102.42444
880.0,3425,3110.654851
410.0,1545,3114.270881
450.0,1969,3119.03019
390.0,1761,3123.22437
1320.0,2945,3130.366438
440.0,2137,3135.501858
350.0,2017,3140.324826
350.0,1833,3144.867146
700.0,2641,3151.198978
290.0,1353,3154.317813
1130.0,2769,3160.931718
260.0,1777,3165.251263
310.0,1673,3169.219774
750.0,2249,3174.70359
1460.0,3441,3182.895243
930.0,3577,3191.010925
1200.0,2801,3197.326805
440.0,1937,3201.726082
740.0,2129,3206.499954
690.0,2649,3212.791622
680.0,3809,3221.856926
480.0,1897,3226.27299
580.0,2801,3233.022152
810.0,2841,3239.788083
1160.0,3273,3247.663539
600.0,2225,3252.889447
450.0,2201,3258.202068
630.0,2081,3263.285387
1140.0,4121,3273.049947
760.0,2457,3278.832005
450.0,1913,3283.317649
780.0,2081,3288.085815
550.0,2801,3294.347257
780.0,2385,3299.763433
480.0,2065,3304.445729
400.0,1697,3308.286183
450.0,2329,3313.545971
1180.0,2841,3319.960616
530.0,2273,3325.168616
810.0,2913,3331.831325
1360.0,3953,3341.02696
430.0,2641,3347.356952
1040.0,3521,3356.06348
390.0,2113,3361.107729
1220.0,3201,3368.744316
1230.0,3513,3377.169628
720.0,2673,3383.685503
500.0,2225,3388.904039
270.0,1529,3392.48436
280.0,1897,3397.069447
830.0,2313,3402.702786
260.0,1657,3406.69174
1040.0,3905,3416.181374
970.0,2617,3422.262428
510.0,2409,3427.70517
1250.0,3313,3435.211921
480.0,2521,3440.981869
460.0,2273,3446.227259
440.0,1857,3450.468378
1900.0,4065,3459.625429
960.0,3049,3466.641534
730.0,2705,3472.807473
1490.0,4073,3482.556709
610.0,2865,3489.324197
1180.0,3249,3497.069159
1470.0,3209,3504.752739
860.0,2713,3511.185491
460.0,1721,3515.330246
690.0,2625,3521.58326
340.0,1953,3525.968554
340.0,1825,3530.050819
900.0,2769,3536.523535
570.0,2833,3543.380516
880.0,2465,3549.230426
750.0,2393,3554.901233
660.0,2249,3560.301612
630.0,2305,3565.744617
760.0,2425,3571.457317
1040.0,3329,3579.326516
520.0,1801,3583.608916
890.0,2649,3589.882472
720.0,2273,3595.291272
480.0,2889,3602.159538
590.0,2265,3607.622454
390.0,1881,3612.172099
330.0,1649,3616.087078
470.0,2073,3621.055713
710.0,2593,3627.220243
310.0,1481,3630.718254
680.0,3217,3638.45513
940.0,3865,3647.802679
680.0,2473,3653.73315
950.0,3665,3662.415636
450.0,2097,3667.314768
580.0,2705,3673.749641
650.0,2777,3680.308707
1140.0,2809,3687.045554
430.0,1929,3691.511481
350.0,1865,3696.044484
410.0,1793,3700.298718
640.0,2273,3705.677428
550.0,1825,3710.009123
700.0,2465,3715.9525
530.0,2505,3721.957416
550.0,1857,3726.340258
750.0,3257,3734.189169
400.0,1777,3738.388652
670.0,2353,3744.237365
820.0,2737,3750.787003
1310.0,2721,3757.288878
550.0,2001,3762.103893
370.0,2193,3767.288281
1150.0,2169,3772.495219
370.0,1753,3776.702657
1360.0,4177,3786.735388
800.0,2609,3792.918102
1070.0,3025,3800.113976
250.0,1593,3803.883539
340.0,1825,3808.328723
510.0,1889,3812.897041
550.0,2185,3818.16331
640.0,2169,3823.344639
440.0,1985,3828.21274
520.0,2769,3834.659211
840.0,3081,3841.690202
1290.0,2505,3847.54038
350.0,1873,3852.093194
1080.0,2289,3857.475184
500.0,2353,3863.121934
1920.0,4577,3874.040523
690.0,2465,3879.949645
620.0,3441,3888.170987
500.0,2625,3894.399261
240.0,1969,3899.106152
840.0,2313,3904.749913
1010.0,3097,3912.232301
340.0,1753,3916.441571
1030.0,2769,3923.020451
710.0,2785,3929.605726
420.0,1825,3933.86609
740.0,2745,3940.34252
1260.0,3033,3947.596051
540.0,2065,3952.565039
370.0,1809,3956.910118
440.0,1529,3960.559414
1100.0,2697,3966.991948
420.0,1585,3970.747112
320.0,2129,3975.791108
940.0,2905,3982.730312
510.0,2665,3988.955256
920.0,3169,3996.204301
320.0,1705,4000.056068
490.0,2169,4004.987893
420.0,1641,4008.619512
720.0,2689,4014.67055
350.0,1641,4018.450958
830.0,2481,4024.033958
470.0,1681,4027.792597
1340.0,2993,4034.588918
420.0,1457,4037.83482
2160.0,3249,4045.132759
440.0,2593,4050.979195
310.0,2169,4055.899991
1170.0,3241,4063.201722
390.0,1889,4067.561833
490.0,2449,4073.114964
1060.0,2977,4079.843435
450.0,1913,4084.292756
300.0,1617,4087.944913
380.0,1833,4092.097466
1360.0,3985,4101.373305
460.0,2625,4107.641778
790.0,2841,4114.405661
900.0,3833,4123.476306
1650.0,3417,4131.689114
780.0,2929,4138.518488
580.0,2657,4144.953386
550.0,2025,4149.786392
580.0,2817,4156.499394
580.0,2593,4162.710127
640.0,2345,4168.418883
440.0,1985,4173.190454
240.0,1497,4176.699163
210.0,1753,4180.815347
650.0,3281,4188.512642
1340.0,3569,4197.130507
540.0,1977,4201.817703
470.0,2081,4206.726712
540.0,1913,4211.329114
1370.0,3073,4218.687613
920.0,2593,4224.926829
330.0,1737,4229.041883
1660.0,4057,4238.725226
690.0,2481,4244.655133
410.0,2113,4249.781229
680.0,2257,4255.297236
520.0,2113,4260.40572
370.0,1641,4264.347671
1440.0,3161,4271.987203
350.0,1881,4276.516883
560.0,1897,4281.113977
1120.0,2985,4288.435741
470.0,1937,4293.103264
820.0,3297,4300.930886
850.0,2993,4308.030104
1600.0,3289,4315.912222
230.0,1417,4319.245288
840.0,2465,4325.044431
980.0,2785,4331.740378
640.0,3057,4338.992587
920.0,3121,4346.576717
1070.0,3249,4354.324321
1030.0,2673,4360.556297
700.0,2553,4366.655766
1370.0,3057,4373.921331
430.0,1857,4378.357892
650.0,2785,4385.019979
530.0,1777,4389.219515
660.0,2089,4394.38783
520.0,2577,4400.451575
370.0,1569,4404.207119
960.0,2865,4411.078251
1160.0,3057,4418.405585
540.0,2257,4423.733271
720.0,2305,4429.033027
750.0,3153,4436.288971
1000.0,3417,4443.978462
820.0,2833,4450.458987
480.0,1713,4454.284136
360.0,1569,4457.826744
640.0,2393,4463.390713
770.0,1889,4467.686494
1140.0,3585,4475.84129
390.0,1697,4479.790608
470.0,1945,4484.491505
1020.0,3033,4491.589509
850.0,2137,4496.671769
360.0,1657,4500.604541
320.0,1809,4504.928688
400.0,1697,4509.006173
380.0,1985,4513.769471
1330.0,2457,4519.58589
460.0,1889,4524.070143
1320.0,2849,4530.921316
350.0,1945,4535.555326
710.0,2153,4540.704617
1120.0,3377,4548.830883
620.0,2201,4553.812579
410.0,2201,4558.73827
330.0,1473,4562.080855
950.0,2633,4568.096604
1340.0,3353,4575.72049
500.0,2097,4580.510568
1140.0,3641,4588.8427
960.0,2881,4595.42689
1340.0,3273,4603.024569
370.0,1665,4606.940641
740.0,2369,4612.573379
820.0,3201,4620.105452
890.0,2457,4625.954782
490.0,1961,4630.739098
560.0,2113,4635.739215
640.0,2337,4641.450901
1040.0,4681,4652.868117
480.0,1945,4657.600429
790.0,2369,4663.249761
440.0,1889,4667.702018
990.0,2985,4674.800173
1280.0,3457,4683.117094
890.0,2177,4688.279978
2020.0,3617,4696.988666
730.0,2193,4702.385259
370.0,1865,4707.094162
410.0,1857,4711.626836
480.0,1809,4715.885058
660.0,2985,4723.077071
470.0,1905,4727.660444
870.0,3393,4735.65699
530.0,1681,4739.658822
390.0,1705,4743.689167
950.0,2977,4750.854786
1080.0,2801,4757.47046
570.0,1969,4762.153445
2510.0,3657,4771.052114
860.0,2409,4776.836364
980.0,2329,4782.332003
1240.0,2289,4787.833255
570.0,2377,4793.53249
510.0,1977,4798.170457
700.0,3193,4805.8146
1150.0,2913,4812.929843
1130.0,2881,4819.90362
370.0,1433,4823.217611
550.0,2105,4828.194692
600.0,2817,4834.545648
890.0,2153,4839.594734
820.0,2897,4846.184398
410.0,2777,4852.424783
740.0,2561,4858.238428
1120.0,3633,4866.748863
380.0,1921,4871.341037
700.0,2257,4876.67185
280.0,1561,4880.440534
1480.0,3393,4888.645463
720.0,2233,4893.671701
940.0,3273,4901.128341
280.0,1713,4905.029666
2010.0,3777,4913.649935
1810.0,3457,4921.448901
1160.0,3681,4929.881129
430.0,1761,4933.803938
460.0,1673,4937.546647
420.0,1777,4941.550008
1500.0,2985,4948.311959
1040.0,2753,4954.488756
1620.0,3201,4961.712166
550.0,2281,4966.88601
1440.0,2865,4973.325378
400.0,1633,4977.024856
970.0,2889,4983.773855
280.0,1809,4987.979113
1050.0,2881,4994.686905
870.0,2361,4999.955203
1010.0,3041,5006.804324
600.0,2777,5013.070046
1400.0,4089,5022.456606
680.0,1961,5026.852047
590.0,2105,5031.703129
490.0,2473,5037.678195
700.0,2329,5043.151763
2790.0,3937,5052.806384
430.0,2073,5057.727583
430.0,1977,5062.330347
1460.0,3409,5070.479428
460.0,1673,5074.545601
550.0,3129,5082.010916
580.0,2169,5087.179049
530.0,2481,5093.185436
630.0,2665,5099.558646
470.0,2009,5104.390997
920.0,2929,5111.340918
900.0,1969,5116.107026
700.0,2553,5122.207773
630.0,2201,5127.471762
1260.0,3937,5136.869136
1040.0,2505,5142.88638
1750.0,3409,5151.226314
420.0,2017,5156.134788
790.0,2993,5163.518978
400.0,1809,5167.783141
820.0,3361,5175.865388
1370.0,3321,5184.209912
640.0,2161,5189.665805
1090.0,4305,5199.550324
990.0,2905,5206.111202
260.0,1377,5209.14635
1460.0,3785,5217.759611
580.0,2553,5223.592242
450.0,1841,5227.825061
570.0,1801,5231.957885
710.0,3081,5238.956795
620.0,2753,5245.522942
1020.0,3233,5253.355099
1430.0,3577,5261.973557
580.0,2209,5267.286471
340.0,1705,5271.386267
610.0,2377,5277.127551
490.0,1841,5281.485913
370.0,1577,5285.430882
710.0,2361,5291.046056
460.0,1985,5295.777034
850.0,2905,5302.89119
560.0,1937,5307.557323
1620.0,3329,5315.683114
1280.0,3841,5324.915224
770.0,2481,5330.844755
430.0,1705,5334.878983
500.0,1945,5339.616213
560.0,2377,5345.287214
930.0,3409,5353.25873
790.0,2753,5359.977055
460.0,1833,5364.390662
370.0,1473,5367.897449
1100.0,3137,5375.467101
1040.0,3209,5383.12525
780.0,2465,5389.036625
750.0,2177,5394.236212
1040.0,2993,5401.409487
610.0,2321,5407.001267
1280.0,3417,5415.067007
400.0,1625,5418.916313
660.0,2617,5425.349104
430.0,1697,5429.365148
850.0,2561,5435.480964
590.0,2705,5441.949143
490.0,1761,5446.132813
590.0,1969,5450.9076
790.0,2721,5457.444957
1520.0,3089,5464.81289
500.0,1921,5469.296257
690.0,2257,5474.729125
1640.0,3665,5483.308238
300.0,1289,5486.407474
650.0,2609,5492.639585
810.0,3209,5500.316607
300.0,1657,5504.271889
550.0,2353,5509.909264
1310.0,2937,5516.970193
420.0,1841,5521.405067
480.0,1945,5526.055529
1010.0,3913,5535.468018
590.0,2289,5541.091566
550.0,2273,5546.670427
620.0,2737,5553.165924
1110.0,2097,5558.147943
390.0,1705,5562.285591
360.0,1489,5565.849109
690.0,2073,5570.804318
850.0,2417,5576.580582
1130.0,3657,5585.411404
1510.0,3129,5593.058912
720.0,2521,5599.044783
1030.0,3393,5607.125215
560.0,2617,5613.442377
1050.0,4137,5623.306084
560.0,2185,5628.555552
690.0,2433,5634.353983
1000.0,3089,5641.666698
570.0,1993,5646.537413
460.0,1729,5650.72735
650.0,2193,5656.102078
410.0,1641,5659.981484
440.0,1513,5663.734585
560.0,2169,5668.933496
1150.0,3793,5678.053154
2080.0,3585,5686.607888
310.0,1313,5689.661626
570.0,2313,5695.180122
740.0,2841,5701.97901
800.0,3009,5709.085284
1210.0,2697,5715.590481
2380.0,4041,5725.342668
450.0,1769,5729.653769
360.0,1593,5733.441552
490.0,2257,5738.824502
720.0,2137,5743.80701
820.0,2905,5750.788411
190.0,1185,5753.623513
370.0,1897,5758.124201
590.0,2209,5763.542124
790.0,2329,5769.146853
930.0,2273,5774.702801
400.0,1681,5778.618831
810.0,2833,5785.36831
590.0,2305,5790.770349
1180.0,2865,5797.724811
870.0,2977,5804.772598
200.0,1465,5808.184669
750.0,2489,5814.110832
420.0,1681,5818.119711
740.0,2777,5824.681898
380.0,1985,5829.37734
900.0,2345,5834.928384
420.0,1745,5839.102695
2120.0,3025,5846.391463
830.0,2721,5852.928276
450.0,1601,5856.758079
440.0,1721,5860.857454
420.0,1993,5865.60777
470.0,1889,5870.127882
360.0,1713,5874.139647
900.0,4193,5884.204416
620.0,2353,5889.828337
660.0,2385,5895.489536
710.0,2657,5902.140929
450.0,1577,5905.992399
440.0,1753,5910.225234
710.0,2585,5916.367556
1220.0,2337,5922.066757
530.0,2041,5926.932612
1010.0,2721,5933.469163
670.0,2385,5939.081043
520.0,2009,5943.917973
450.0,1953,5948.64518
950.0,2881,5955.533973
1300.0,3393,5963.611364
540.0,2009,5968.496375
800.0,2969,5975.39286
590.0,2497,5981.042194
640.0,2025,5985.638885
750.0,2513,5991.30925
1310.0,2713,5997.514728
420.0,1865,6001.770133
490.0,2241,6006.871984
390.0,1881,6011.069144
790.0,2433,6016.642411
530.0,2105,6021.367755
1200.0,3017,6028.252584
350.0,2417,6033.769873
1230.0,3545,6041.800702
720.0,2353,6047.166621
540.0,2465,6052.750622
500.0,1593,6056.379859
730.0,2577,6062.266007
710.0,2793,6068.543775
760.0,2465,6074.02974
1420.0,4473,6084.329979
780.0,3121,6091.410738
860.0,2785,6097.852477
2180.0,3481,6105.819977
390.0,1409,6109.003533
480.0,1953,6113.4597
1140.0,2489,6119.090518
1270.0,2753,6125.322935
450.0,1905,6129.640289
570.0,1745,6133.576852
460.0,1689,6137.406004
840.0,2809,6143.805668
800.0,3137,6150.91107
830.0,3265,6158.368771
1370.0,3129,6165.435853
450.0,1761,6169.360802
320.0,1313,6172.350157
540.0,2057,6177.082835
380.0,1801,6181.102675
790.0,2457,6186.714965
1640.0,3929,6195.58286
340.0,1289,6198.448417
470.0,1609,6202.114871
890.0,2729,6208.411337
1150.0,2521,6214.085227
1320.0,2697,6220.314361
520.0,2009,6224.914168
530.0,2177,6229.797197
1190.0,3649,6238.174796
510.0,1921,6242.693054
1150.0,3033,6249.886785
370.0,1569,6253.545877
530.0,1905,6258.103461
390.0,1417,6261.437992
570.0,2433,6267.410725
1190.0,3417,6275.555673
330.0,1817,6279.926285
520.0,2113,6284.933112
1420.0,2737,6291.451366
600.0,1681,6295.435993
560.0,2561,6301.749824
340.0,1377,6304.864767
690.0,3009,6311.715187
580.0,2353,6317.034932
330.0,1241,6319.775196
910.0,2577,6325.706709
680.0,2409,6331.279072
710.0,2633,6337.297129
1030.0,2817,6343.729702
1280.0,3105,6350.827892
440.0,1769,6354.809295
480.0,2465,6360.325204
930.0,3001,6367.059232
410.0,2073,6371.823834
530.0,2009,6376.38976
390.0,1729,6380.341918
720.0,3193,6387.721736
1130.0,3121,6394.775506
1180.0,2425,6400.406247
980.0,2905,6406.98966
1070.0,2681,6413.021217
1000.0,3089,6420.050622
830.0,2833,6426.499988
410.0,1777,6430.534363
780.0,1969,6434.982052
960.0,2801,6441.364618
1190.0,3201,6448.613667
1700.0,2897,6455.179211
680.0,2553,6460.988659
430.0,1873,6465.194815
280.0,1497,6468.630844
870.0,3489,6476.593245
820.0,2833,6483.028108
560.0,2569,6488.891568
1160.0,2713,6495.157482
530.0,1873,6499.4388
380.0,1689,6503.189847
550.0,1841,6507.422732
2230.0,3417,6515.230039
680.0,3313,6522.735973
520.0,2201,6527.809402
300.0,1425,6530.985887
540.0,1841,6535.134933
380.0,1481,6538.41948
720.0,3601,6546.553186
320.0,1601,6550.183586
1710.0,4681,6560.942669
640.0,2617,6567.011784
1310.0,3537,6575.104793
500.0,1921,6579.513087
1680.0,2769,6585.776377
470.0,2337,6591.112919
650.0,2889,6597.727361
1010.0,2993,6605.004726
370.0,1561,6608.723312
1070.0,3009,6616.229093
770.0,2873,6623.340312
760.0,2801,6630.426068
470.0,1713,6634.505836
570.0,2329,6640.055299
380.0,1809,6644.330873
250.0,1289,6647.323724
1510.0,3009,6654.444557
1300.0,2969,6661.502354
440.0,1865,6665.901757
580.0,2137,6670.953315
870.0,2969,6678.186575
770.0,2521,6684.315953
390.0,2001,6689.131936
520.0,1881,6693.548171
200.0,1345,6696.864302
630.0,2313,6702.563619
810.0,2609,6708.762668
420.0,2057,6713.712172
720.0,2353,6719.23792
390.0,1617,6723.179396
620.0,2425,6729.126701
520.0,2033,6734.132188
1080.0,3113,6741.640209
440.0,2057,6746.560033
530.0,1985,6751.24037
610.0,2681,6757.759969
340.0,1457,6761.305912
630.0,2769,6767.941232
600.0,2113,6773.037013
370.0,1601,6776.820845
760.0,2753,6783.488148
500.0,2257,6788.83684
630.0,1977,6793.621118
1460.0,3777,6802.700516
1060.0,3641,6811.415911
480.0,1817,6815.776368
710.0,2313,6821.320738
460.0,1753,6825.599999
1040.0,3121,6833.063021
610.0,2169,6838.339767
540.0,2361,6843.995118
400.0,1761,6848.186532
530.0,2033,6853.045475
480.0,1905,6857.562746
350.0,1689,6861.823331
400.0,1993,6866.625372
890.0,2337,6872.107768
980.0,2457,6877.923737
690.0,1745,6882.239351
1110.0,2449,6888.139575
1400.0,4001,6898.0074
960.0,2561,6904.103474
360.0,1345,6907.303133
870.0,2569,6913.524151
1360.0,3089,6920.934575
1030.0,2809,6927.905216
460.0,2353,6933.626261
770.0,3257,6941.451394
520.0,2129,6946.638753
490.0,2049,6951.546139
410.0,1809,6955.881174
800.0,2081,6960.946132
470.0,1769,6965.264284
850.0,2257,6970.711477
720.0,2025,6975.589386
1120.0,3521,6984.026576
560.0,1873,6988.525862
780.0,2449,6994.527761
630.0,2249,7000.007412
850.0,3361,7007.973218
1280.0,2953,7015.093209
750.0,2705,7021.619816
460.0,1897,7026.170523
450.0,1641,7030.170264
500.0,1641,7034.021054
1840.0,3497,7042.437377
630.0,2457,7048.621755
1230.0,4169,7058.826725
570.0,2369,7064.249027
570.0,2177,7069.276248
1420.0,3185,7076.608222
510.0,1905,7080.91531
420.0,1681,7084.646308
1360.0,2337,7089.905477
1440.0,2881,7096.544214
590.0,2153,7101.445217
990.0,2865,7107.926606
1070.0,3537,7116.010069
560.0,1961,7120.475126
450.0,1569,7123.992349
840.0,2841,7130.47341
860.0,3569,7138.65511
510.0,1969,7143.154997
880.0,2425,7148.671105
440.0,1977,7153.203715
1260.0,2545,7158.971331
1220.0,2745,7165.33894
460.0,1865,7169.635223
490.0,1897,7173.887455
620.0,2417,7179.367136
860.0,3049,7186.382895
940.0,3305,7193.973219
750.0,2585,7199.914248
1480.0,2849,7206.431673
1470.0,4201,7216.030379
960.0,2721,7222.267255
370.0,1713,7226.114635
520.0,2185,7231.10873
540.0,1985,7235.579977
810.0,3081,7242.612986
530.0,1897,7246.96795
420.0,1721,7251.074356
830.0,3369,7259.118918
400.0,1897,7263.644188
970.0,2857,7270.490907
700.0,2329,7275.980785
400.0,1449,7279.404046
480.0,1689,7283.453286
330.0,1617,7287.285474
600.0,1729,7291.368972
450.0,1785,7295.76871
400.0,1809,7300.131189
600.0,2529,7306.255443
1350.0,3641,7315.132783
650.0,2561,7321.265335
520.0,2001,7326.064217
420.0,2289,7331.281616
370.0,1953,7335.667676
810.0,2129,7340.600073
600.0,2273,7345.794899
1710.0,4777,7356.61032
1210.0,2809,7362.995427
450.0,1569,7366.603089
310.0,1553,7370.193162
410.0,1961,7374.67645
660.0,2321,7380.020622
840.0,2801,7386.483169
530.0,2129,7391.351547
890.0,3449,7399.373367
1260.0,4009,7408.53626
460.0,1753,7412.552993
1190.0,2401,7418.018861
1000.0,4417,7427.9555
550.0,1809,7432.033691
1280.0,3369,7439.732679
390.0,2105,7444.531911
690.0,2769,7450.980924
440.0,2009,7455.5331
630.0,2185,7460.496606
780.0,2417,7466.145885
1170.0,2993,7473.084111
3150.0,5321,7485.311687
620.0,3305,7492.842416
710.0,2585,7498.727703
1220.0,2673,7505.15764
620.0,2201,7510.406099
320.0,1609,7514.189609
820.0,2801,7520.924338
1280.0,2713,7527.521144
2240.0,3161,7535.103741
550.0,2145,7540.386233
1010.0,4121,7550.168063
1740.0,3537,7558.636786
770.0,2873,7565.482767
520.0,1977,7570.332575
1240.0,2329,7575.866337
470.0,1873,7580.180959
420.0,2105,7585.181227
740.0,2393,7590.720654
1810.0,5241,7602.835535
720.0,2801,7609.179111
310.0,1249,7611.964818
620.0,2329,7617.317268
760.0,2497,7623.081455
620.0,2537,7628.875763
270.0,1433,7632.174952
940.0,3193,7639.710326
460.0,2129,7644.821976
680.0,2049,7649.705062
960.0,3281,7657.631278
430.0,2481,7663.635925
1700.0,4521,7674.337781
1460.0,4473,7685.025391
590.0,2065,7689.985035
540.0,2945,7697.007721
400.0,1833,7701.231212
750.0,2337,7706.592201
780.0,2913,7713.312499
570.0,1937,7717.748302
520.0,2113,7722.611331
990.0,2625,7728.74442
850.0,2841,7735.227031
940.0,3505,7743.194861
800.0,2473,7748.728832
1830.0,3393,7756.677086
650.0,2585,7763.357947
270.0,1385,7766.57178
440.0,2457,7773.143886
1190.0,3041,7780.994865
510.0,1865,7785.427865
430.0,1721,7789.526539
490.0,2145,7794.587435
490.0,1905,7799.138441
710.0,2577,7805.322423
280.0,1377,7808.652829
390.0,1593,7812.484909
490.0,1889,7817.031748
560.0,2833,7823.917541
370.0,1569,7827.716568
350.0,2073,7832.70005
870.0,2577,7839.132379
770.0,2313,7844.745635
870.0,2913,7851.688401
420.0,1793,7856.02824
2750.0,3481,7864.345091
1000.0,2425,7870.260998
1020.0,3377,7878.480615
430.0,2385,7884.190741
410.0,1425,7887.658505
760.0,2521,7893.881387
890.0,4689,7905.34226
1430.0,3537,7913.906434
550.0,2009,7918.788454
370.0,1625,7922.704561
450.0,2281,7928.118425
580.0,3393,7936.302943
430.0,2041,7940.981842
710.0,2849,7947.632101
850.0,2817,7954.031461
410.0,1641,7957.750897
620.0,2417,7963.226407
400.0,1945,7967.716691
630.0,2297,7972.945462
570.0,2033,7977.527627
610.0,2217,7982.605613
590.0,1953,7987.021126
580.0,2849,7993.627168
1300.0,3009,8000.803365
1290.0,3465,8009.207626
480.0,2049,8013.956917
710.0,2297,8019.250464
1100.0,2705,8025.415924
890.0,3105,8032.487691
410.0,2217,8037.553046
380.0,1649,8041.305878
810.0,3385,8048.985339
650.0,2809,8055.444911
700.0,2001,8060.053783
770.0,2017,8064.789214
350.0,1569,8068.465756
1370.0,2969,8075.281981
710.0,2361,8080.667176
640.0,1769,8084.7541
910.0,3089,8092.223505
380.0,1417,8095.410842
280.0,1377,8098.68333
600.0,2505,8104.595144
450.0,1857,8108.913938
500.0,2545,8114.862751
790.0,3265,8122.643567
1230.0,2681,8129.158619
830.0,2689,8135.662084
820.0,2777,8142.423775
780.0,2377,8148.158249
560.0,2113,8153.221697
430.0,2057,8158.204605
500.0,1769,8162.437501
680.0,2881,8169.371823
820.0,2937,8176.585268
470.0,2377,8182.101134
420.0,1457,8185.534145
1140.0,3329,8193.51807
1370.0,4081,8203.58168
1030.0,3201,8211.199193
890.0,2881,8218.29654
460.0,2057,8223.255291
1460.0,2625,8229.250985
700.0,2169,8234.155139
650.0,2449,8239.777257
970.0,3153,8247.077836
490.0,1657,8250.925527
690.0,2281,8256.228295
1390.0,3049,8263.231821
1550.0,3745,8271.848196
410.0,1681,8275.672351
380.0,1497,8279.048242
880.0,3337,8286.72462
540.0,1961,8291.20722
870.0,3001,8298.106189
710.0,2905,8304.794834
910.0,2833,8311.300943
370.0,1665,8315.089539
1030.0,3193,8322.319976
1520.0,2849,8328.833443
870.0,2801,8335.285037
880.0,3433,8343.06179
460.0,1817,8347.19743
340.0,1377,8350.440101
520.0,2369,8355.820282
830.0,2785,8362.099933
830.0,2945,8369.062049
980.0,2593,8375.449022
1110.0,3569,8384.044062
440.0,1929,8388.71294
670.0,2361,8394.306591
530.0,2625,8400.524584
470.0,2353,8406.064153
510.0,1953,8410.859871
320.0,1577,8414.739396
360.0,2017,8419.58668
980.0,3641,8428.351415
770.0,3281,8436.384007
700.0,2289,8441.834242
560.0,2217,8447.298872
1360.0,3193,8454.998972
480.0,2185,8460.191173
790.0,2433,8466.198754
540.0,2065,8471.13673
1270.0,2641,8477.595518
730.0,2761,8484.30513
540.0,2009,8489.091702
540.0,2209,8494.457011
470.0,1897,8498.880975
900.0,3161,8506.501021
1230.0,2273,8511.866085
1020.0,3041,8519.323358
1380.0,2777,8525.672465
740.0,3161,8532.991609
920.0,3217,8540.476867
780.0,2833,8547.056394
480.0,1841,8551.202373
910.0,2793,8557.537325
290.0,1753,8561.467165
1230.0,3345,8569.12113
1100.0,2633,8575.198732
520.0,2233,8580.20257
180.0,1121,8582.801105
520.0,1873,8587.129653
430.0,1801,8591.29713
1390.0,3393,8599.064601
310.0,2161,8603.945301
2250.0,2401,8609.346799
1040.0,3369,8617.044882
810.0,2801,8623.509948
360.0,1761,8627.526131
740.0,2121,8632.425132
440.0,2009,8637.010085
1210.0,4361,8646.842707
310.0,1625,8650.522664
560.0,1953,8654.975941
470.0,2185,8660.013261
600.0,2233,8665.14071
780.0,2449,8670.721809
610.0,1857,8674.939115
990.0,2817,8681.268517
720.0,2433,8686.834941
810.0,3009,8693.701943
1730.0,4681,8704.365309
1070.0,4601,8714.865777
810.0,3705,8723.591893
460.0,2065,8728.595772
1300.0,3537,8736.976984
570.0,2129,8742.012925
670.0,2001,8746.792999
1100.0,3449,8755.097854
370.0,1761,8759.391827
1130.0,2953,8766.512086
560.0,2753,8772.925676
320.0,1561,8776.610499
590.0,2073,8781.841371
510.0,2057,8786.610468
300.0,1705,8790.507512
640.0,2721,8796.909116
480.0,2097,8801.955117
250.0,1321,8805.150324
370.0,2017,8810.01852
520.0,2193,8815.40323
480.0,2001,8820.067625
490.0,1969,8824.803087
290.0,1553,8828.500077
1630.0,3561,8836.889614
980.0,3105,8844.415543
800.0,2177,8849.681486
650.0,2041,8854.695467
350.0,1873,8859.372996
530.0,2121,8864.661288
970.0,3353,8872.724531
630.0,2441,8878.579628
520.0,2401,8884.279183
380.0,1665,8888.29119
550.0,2233,8893.651308
990.0,2921,8900.521884
1280.0,4177,8910.167173
540.0,1993,8914.754182
880.0,3169,8921.973041
470.0,1921,8926.286247
720.0,2929,8933.005567
840.0,2529,8938.870338
800.0,2433,8944.52499
700.0,2873,8951.113852
1160.0,3465,8959.065117
870.0,2553,8964.730988
1100.0,2777,8970.986101
1190.0,3217,8978.29597
670.0,2473,8983.99684
930.0,2953,8990.818038
650.0,2617,8996.82686
360.0,1849,9001.011784
570.0,1945,9005.43971
580.0,2233,9010.559818
760.0,2297,9015.824385
850.0,2777,9022.354038
350.0,2209,9027.505536
400.0,1889,9031.755777
720.0,2849,9038.248676
720.0,2705,9044.370002
260.0,1625,9048.06999
960.0,2657,9054.202692
630.0,2217,9059.235224
600.0,2257,9064.451515
660.0,2457,9069.99964
470.0,1753,9073.979136
1160.0,2257,9079.083498
490.0,2009,9083.765331
490.0,1969,9088.349477
1250.0,3089,9095.413741
1600.0,3305,9103.064785
770.0,2385,9108.497216
440.0,1913,9112.849746
480.0,1785,9117.051927
2070.0,2681,9123.187716
430.0,1977,9127.632743
810.0,3585,9135.938651
400.0,1833,9140.057914
830.0,2361,9145.39272
1180.0,2249,9150.506644
2480.0,3249,9157.855628
790.0,3065,9164.871507
1080.0,3265,9172.338142
1090.0,3417,9180.189881
1070.0,2521,9186.033044
850.0,3161,9193.347821
870.0,2705,9199.520712
580.0,2441,9205.287303
450.0,1801,9209.316845
480.0,1753,9213.264971
430.0,2081,9217.995765
960.0,3057,9224.965444
780.0,2785,9231.34437
2640.0,3993,9240.578229
660.0,2161,9245.7278
990.0,2777,9252.375933
450.0,2097,9257.245562
440.0,1921,9262.064033
960.0,2785,9268.743996
1210.0,3865,9277.87328
880.0,3113,9285.273493
590.0,1961,9290.038349
430.0,1681,9294.004102
990.0,3257,9301.719258
510.0,2033,9306.302535
470.0,2889,9312.95449
1540.0,2921,9319.71741
470.0,1753,9323.818745
500.0,1929,9328.216243
950.0,2561,9334.165626
730.0,2929,9341.151101
510.0,2353,9346.863306
1210.0,3561,9355.39094
320.0,1561,9359.182936
1060.0,3369,9367.463054
1410.0,3017,9374.644303
540.0,2497,9380.51568
620.0,2825,9387.3479
990.0,2721,9393.72925
530.0,2433,9399.290431
650.0,2073,9403.923272
350.0,1513,9407.355888
850.0,2785,9413.75327
710.0,2513,9419.488476
470.0,1569,9423.155347
720.0,2689,9429.287666
640.0,2081,9434.002506
460.0,1649,9437.834529
690.0,2817,9444.270672
740.0,3025,9451.266525
940.0,2793,9457.777025
530.0,1993,9462.301728
990.0,3505,9470.319536
2390.0,4049,9479.663325
450.0,1569,9483.245862
710.0,2497,9489.024221
970.0,4137,9498.595304
1170.0,3801,9507.703793
980.0,3561,9516.185289
1420.0,2649,9522.455599
600.0,2161,9527.41916
530.0,1881,9531.725045
800.0,2665,9537.952279
650.0,2745,9544.421531
510.0,2001,9549.036415
350.0,1809,9553.151854
1540.0,2977,9560.085641
530.0,1777,9564.103545
1130.0,3257,9571.567579
240.0,1401,9574.717043
730.0,2785,9581.115774
420.0,1505,9584.532631
820.0,2913,9591.181697
440.0,2025,9595.717226
470.0,2105,9600.500321
540.0,2297,9605.729733
520.0,2193,9610.864841
430.0,1753,9614.814296
1050.0,3209,9622.191257
690.0,2801,9628.626735
780.0,2641,9634.693734
1010.0,2873,9641.15752
440.0,1777,9645.210976
410.0,2001,9649.768702
530.0,2129,9654.60563
1570.0,4337,9664.538272
600.0,2401,9670.087842
290.0,1425,9673.302605
530.0,1817,9677.52816
580.0,2121,9682.354128
750.0,2297,9687.635526
1360.0,2801,9693.986008
1360.0,3561,9702.417555
730.0,2961,9709.482543
400.0,1777,9713.751055
1370.0,2513,9719.765114
740.0,2657,9726.213895
720.0,2569,9732.129471
560.0,2249,9737.233753
290.0,1681,9741.161253
1250.0,3529,9749.431638
510.0,1753,9753.620358
520.0,1993,9758.638016
880.0,2785,9765.541983
1300.0,2745,9772.12835
810.0,3137,9779.291869
400.0,1721,9783.238117
650.0,2545,9789.106838
210.0,1097,9791.654473
650.0,2641,9797.704288
580.0,1897,9802.053778
360.0,1737,9806.070244
560.0,2137,9811.124044
1130.0,2849,9818.031181
700.0,3137,9825.400369
420.0,1657,9829.438227
450.0,1809,9833.816849
990.0,2921,9840.92684
1690.0,4729,9852.329043
580.0,2161,9857.432074
740.0,2513,9863.529387
1050.0,3297,9871.513907
1110.0,2817,9878.395108
770.0,2521,9884.526722
630.0,2777,9891.275144
590.0,2073,9896.260853
890.0,2465,9902.107431
1430.0,3345,9910.189693
1290.0,3537,9918.762502
490.0,2161,9924.004625
770.0,2545,9930.064674
400.0,1817,9934.363526
710.0,2265,9939.819832
490.0,1761,9944.058995
830.0,2369,9949.917613
770.0,2385,9955.734038
570.0,2145,9960.916128
470.0,1817,9965.062924
320.0,1321,9968.081184
670.0,2121,9972.83224
930.0,3017,9979.705413
700.0,2441,9985.478446
830.0,3953,9994.882242
220.0,1721,9999.313642
1980.0,2833,10005.860774
930.0,2945,10012.710171
420.0,1713,10016.78801
300.0,1617,10020.674942
800.0,2657,10027.143295
530.0,1857,10031.569187
1380.0,4129,10040.887511
530.0,2153,10045.788307
330.0,1377,10048.954289
750.0,2769,10055.287037
1410.0,2785,10061.555108
1250.0,3081,10068.585262
610.0,3121,10075.706867
490.0,1697,10079.642801
510.0,1705,10083.536431
370.0,2017,10088.170181
540.0,2217,10093.176452
360.0,1641,10096.850717
470.0,2081,10101.612475
1470.0,4121,10111.14625
720.0,2777,10117.482481
1060.0,3361,10125.112942
380.0,1753,10129.062665
1460.0,2585,10135.2286
420.0,1585,10139.033874
490.0,1889,10143.49422
810.0,2545,10149.633214
370.0,1689,10153.657554
470.0,1953,10158.244086
1310.0,5081,10169.7499
450.0,1529,10173.226644
550.0,2145,10178.121326
970.0,3553,10186.186146
2430.0,2809,10192.570075
530.0,2233,10197.686013
450.0,2081,10202.436428
620.0,2145,10207.338292
350.0,1625,10211.0152
380.0,2113,10215.779293
1100.0,2713,10221.966353
1500.0,3377,10229.730511
550.0,2113,10234.53548
2010.0,2721,10240.662463
730.0,2657,10246.79716
520.0,2321,10252.064744
350.0,1873,10256.292897
510.0,1857,10260.508688
410.0,2321,10265.85893
640.0,2073,10270.593042
460.0,2201,10275.707803
620.0,2033,10280.289888
480.0,1849,10284.534833
1000.0,2873,10291.25012
740.0,2873,10297.876632
1130.0,3137,10304.988922
1270.0,4497,10315.269327
760.0,2657,10321.269787
400.0,1561,10324.788198
510.0,1985,10329.5344
410.0,2001,10334.343223
390.0,2001,10339.070067
840.0,2865,10345.802314
540.0,2017,10350.632953
810.0,2897,10357.447124
770.0,2833,10363.950339
960.0,2673,10369.963948
780.0,3065,10376.945915
510.0,2105,10381.705741
410.0,1857,10385.991307
330.0,2065,10390.826432
680.0,2049,10395.475916
480.0,1833,10399.657827
510.0,2065,10404.374137
430.0,1873,10408.612014
560.0,1753,10412.561981
510.0,2041,10417.189039
480.0,2161,10422.153753
420.0,1721,10426.071369
400.0,1665,10429.856558
850.0,2433,10435.386538
750.0,2681,10441.436056
700.0,2761,10447.651911
1000.0,3489,10455.735392
420.0,2049,10460.417752
1030.0,2897,10467.098728
490.0,1689,10470.949017
670.0,1889,10475.148006
850.0,2881,10481.750513
1010.0,3441,10489.719699
680.0,2065,10494.460948
1480.0,3201,10501.867442
1090.0,3665,10510.278986
630.0,2113,10515.255468
390.0,1633,10519.155888
480.0,2161,10524.325413
560.0,2353,10529.944634
680.0,2313,10535.44566
650.0,2297,10540.893836
540.0,2081,10546.03721
630.0,2273,10551.772784
700.0,2521,10557.887206
410.0,1921,10562.55336
1470.0,3513,10570.633697
410.0,1889,10574.984743
1070.0,3041,10582.018763
550.0,2121,10586.867979
1580.0,3497,10594.9503
330.0,1305,10598.01667
280.0,1249,10600.849574
500.0,2465,10606.415515
370.0,2017,10611.116105
990.0,2977,10617.89903
1030.0,3641,10626.194768
440.0,1873,10630.511069
610.0,1825,10634.760429
410.0,1881,10639.174295
470.0,2129,10644.290531
340.0,1449,10647.858633
370.0,2225,10653.033107
590.0,2033,10657.807264
460.0,2065,10662.806538
890.0,2881,10669.715581
420.0,1777,10673.972041
600.0,1985,10678.604506
400.0,1569,10682.412189
680.0,2961,10689.585871
790.0,2849,10696.49073
740.0,2417,10702.450858
1160.0,2865,10709.508651
260.0,1793,10713.827496
430.0,2353,10719.606381
610.0,2729,10726.26212
2160.0,3073,10733.731261
1050.0,3441,10741.999147
600.0,2145,10747.11249
910.0,2761,10753.695949
450.0,1897,10758.141975
760.0,2969,10765.317136
880.0,2809,10772.043394
480.0,1633,10775.890397
1040.0,3817,10784.727797
400.0,2105,10789.629529
610.0,2569,10795.473795
580.0,2361,10800.947194
460.0,1985,10805.430021
570.0,2025,10809.937036
620.0,2473,10815.569836
620.0,1977,10820.03571
370.0,2073,10824.803217
400.0,1713,10828.803906
430.0,2033,10833.449474
510.0,1833,10837.615844
1210.0,2385,10843.164547
1370.0,3585,10851.413656
990.0,3369,10859.130602
1200.0,3537,10867.529844
2000.0,3497,10875.428455
430.0,1433,10878.723006
590.0,2473,10884.395943
660.0,2105,10889.22898
1090.0,2985,10896.111716
1120.0,3489,10904.32471
460.0,2113,10909.268749
990.0,2417,10914.806659
620.0,2097,10919.622512
1310.0,2665,10925.68863
920.0,3297,10933.210071
610.0,2377,10938.608399
680.0,2977,10945.552685
350.0,1577,10949.150842
890.0,2737,10955.35138
440.0,1793,10959.38806
560.0,2217,10964.52114
860.0,3065,10971.516721
540.0,1905,10975.865551
640.0,1937,10980.297892
280.0,1913,10984.68471
380.0,1393,10987.799031
1430.0,4185,10997.464499
740.0,3009,11004.378538
550.0,2177,11009.408492
360.0,1561,11012.940036
690.0,3353,11020.643918
580.0,2113,11025.424964
310.0,2057,11030.174942
510.0,2289,11035.348558
370.0,1753,11039.360811
400.0,2001,11043.939297
380.0,1969,11048.63981
1040.0,3097,11056.337996
1000.0,3601,11064.970155
410.0,2225,11070.033422
340.0,1849,11074.230897
460.0,2073,11078.971927
480.0,1961,11083.383626
460.0,2313,11088.724386
610.0,1977,11093.204951
430.0,2073,11098.031891
570.0,2409,11103.880569
660.0,3273,11111.718092
590.0,2137,11116.746796
500.0,2001,11121.496186
1300.0,3233,11129.282797
470.0,1889,11133.831148
990.0,3017,11141.038074
400.0,2089,11145.836578
690.0,2905,11152.580693
500.0,1969,11157.090684
920.0,3345,11164.710537
510.0,1889,11169.056316
450.0,1969,11173.51391
520.0,2225,11178.688462
450.0,1825,11183.027285
710.0,2393,11188.487148
640.0,2393,11194.036439
500.0,2257,11199.230962
600.0,2577,11205.168302
610.0,2457,11210.800776
370.0,1705,11214.666961
860.0,3161,11221.963331
390.0,2017,11226.567564
620.0,2433,11232.119219
1360.0,3521,11240.194207
740.0,2657,11246.229404
570.0,2585,11252.064891
720.0,2833,11258.448942
380.0,1521,11261.894717
1000.0,2961,11268.760713
1520.0,3433,11276.643757
450.0,1777,11280.690595
500.0,2081,11285.44267
690.0,2401,11290.973644
480.0,1977,11295.472953
420.0,1593,11299.085643
460.0,2161,11304.0067
760.0,2945,11310.789496
430.0,2033,11315.436392
820.0,3001,11322.138035
480.0,2225,11327.186707
450.0,1849,11331.403893
730.0,2585,11337.30069
470.0,1937,11341.685759
1000.0,3353,11349.329532
440.0,2505,11354.999689
650.0,2545,11360.747788
360.0,1937,11365.184392
440.0,2057,11369.896384
1250.0,2577,11375.716481
730.0,2409,11381.146812
600.0,2177,11386.309584
1030.0,3209,11394.0305
630.0,2641,11400.372369
410.0,2097,11405.298523
710.0,2633,11411.272722
940.0,3849,11420.076686
820.0,2489,11425.759308
1260.0,3633,11434.104506
1070.0,2665,11440.178862
400.0,2041,11444.779064
530.0,2241,11449.869162
400.0,1825,11454.212794
520.0,2577,11460.427904
380.0,1609,11464.245688
410.0,1937,11468.850552
340.0,1961,11473.463854
350.0,1641,11477.433251
260.0,1753,11481.619206
650.0,2961,11488.799923
590.0,2609,11495.172476
800.0,2425,11501.087471
840.0,2401,11506.714399
690.0,2529,11512.534552
600.0,2649,11518.849663
700.0,2849,11525.730266
360.0,1849,11530.106872
1070.0,2625,11536.308069
1540.0,2921,11543.273525
560.0,2337,11549.241142
710.0,2833,11555.855171
520.0,2393,11561.404483
650.0,2129,11566.310899
1000.0,2873,11572.944686
990.0,2721,11579.130023
810.0,2449,11584.735385
730.0,2377,11590.083853
550.0,2065,11594.833516
910.0,2993,11601.649426
390.0,2025,11606.306705
320.0,1689,11610.150413
510.0,2457,11615.821667
1430.0,3833,11624.479383
1880.0,2617,11630.428763
410.0,1833,11634.569123
560.0,2129,11639.461041
1530.0,3585,11647.576653
400.0,1649,11651.344043
390.0,1945,11656.308827
640.0,2073,11661.40751
780.0,3065,11669.442145
